date,rank_ic,n_symbols
2023-01-05,0.18556195,876
2023-01-06,0.12224652,876
2023-01-09,0.09991378,876
2023-01-10,0.12511413,877
2023-01-11,0.09971594,878
2023-01-12,0.06331747,878
2023-01-13,0.10665627,878
2023-01-16,0.17632635,879
2023-01-17,0.17950381,879
2023-01-18,0.15137334,879
2023-01-19,0.17695381,880
2023-01-20,0.16749415,880
2023-01-30,0.18344707,880
2023-01-31,0.16048751,880
2023-02-01,0.12810065,880
2023-02-02,0.12874568,880
2023-02-03,0.16793826,880
2023-02-06,0.17791681,880
2023-02-07,0.11725775,880
2023-02-08,0.12266383,883
2023-02-09,0.10903928,883
2023-02-10,0.09453009,884
2023-02-13,0.04068716,884
2023-02-14,0.06010895,884
2023-02-15,0.11268218,884
2023-02-16,0.06771232,885
2023-02-17,0.01906747,885
2023-02-20,-0.01114091,884
2023-02-21,-0.06653597,885
2023-02-22,-0.05823035,886
2023-02-23,-0.04786192,886
2023-02-24,-0.03730434,886
2023-02-27,-0.01163822,886
2023-02-28,-0.01363105,886
2023-03-01,-0.02083795,887
2023-03-02,-0.00263284,887
2023-03-03,-0.03898329,887
2023-03-06,-0.00335787,889
2023-03-07,-0.04575390,889
2023-03-08,0.00908220,889
2023-03-09,0.01380134,889
2023-03-10,0.01923250,889
2023-03-13,-0.05456255,889
2023-03-14,-0.13837377,889
2023-03-15,-0.21154802,890
2023-03-16,-0.05822787,891
2023-03-17,-0.04969479,891
2023-03-20,-0.07962244,891
2023-03-21,-0.15524046,891
2023-03-22,-0.19321274,892
2023-03-23,-0.10011951,892
2023-03-24,-0.11465719,892
2023-03-27,-0.10312397,892
2023-03-28,0.00631350,892
2023-03-29,-0.00261083,893
2023-03-30,-0.07604355,895
2023-03-31,-0.02859048,894
2023-04-03,0.02311294,894
2023-04-04,0.06710863,894
2023-04-06,0.17126533,895
2023-04-07,0.14069465,895
2023-04-10,0.07850968,896
2023-04-11,0.12584885,897
2023-04-12,0.17805360,897
2023-04-13,0.15465112,897
2023-04-14,0.21759996,898
2023-04-17,0.11391047,898
2023-04-18,0.12122142,899
2023-04-19,0.17002066,899
2023-04-20,0.16815053,899
2023-04-21,0.09166558,899
2023-04-24,0.09126003,900
2023-04-25,0.07410474,900
2023-04-26,-0.06037982,899
2023-04-27,-0.07913395,900
2023-04-28,-0.04832373,900
2023-05-04,0.02361223,898
2023-05-05,0.07018940,900
2023-05-08,0.03456073,900
2023-05-09,0.04759293,900
2023-05-10,-0.03169487,900
2023-05-11,-0.02632185,900
2023-05-12,-0.03263931,901
2023-05-15,-0.04175771,902
2023-05-16,-0.07618858,902
2023-05-17,-0.01238899,902
2023-05-18,0.07603482,904
2023-05-19,0.09067816,904
2023-05-22,-0.01862987,904
2023-05-23,-0.09183710,904
2023-05-24,-0.04866415,905
2023-05-25,-0.02985624,905
2023-05-26,0.02069002,905
2023-05-29,0.10043587,904
2023-05-30,0.05239682,904
2023-05-31,0.12906415,904
2023-06-01,0.13928846,904
2023-06-02,0.11870564,904
2023-06-05,0.14676111,904
2023-06-06,0.11253455,904
2023-06-07,0.11031035,904
2023-06-08,0.04450802,903
2023-06-09,0.10410427,905
2023-06-12,0.14567938,905
2023-06-13,0.11235345,906
2023-06-14,0.10966568,906
2023-06-15,0.14274693,906
2023-06-16,0.21634509,906
2023-06-19,0.28525024,906
2023-06-20,0.32833784,906
2023-06-21,0.29658690,906
2023-06-26,0.27398673,906
2023-06-27,0.31279017,906
2023-06-28,0.33738480,909
2023-06-29,0.27716498,909
2023-06-30,0.26400918,909
2023-07-03,0.29872207,910
2023-07-04,0.35573227,909
2023-07-05,0.43517614,910
2023-07-06,0.38924880,910
2023-07-07,0.30639737,911
2023-07-10,0.24885090,911
2023-07-11,0.23991264,911
2023-07-12,0.23006038,911
2023-07-13,0.23654543,911
2023-07-14,0.23463287,910
2023-07-17,0.17910934,911
2023-07-18,0.17884210,911
2023-07-19,0.19977200,911
2023-07-20,0.17432861,911
2023-07-21,-0.01740686,911
2023-07-24,-0.05842389,911
2023-07-25,-0.04432276,911
2023-07-26,0.09029014,910
2023-07-27,0.05245161,910
2023-07-28,0.02176063,910
2023-07-31,0.12302196,910
2023-08-01,0.14410056,910
2023-08-02,0.14471302,911
2023-08-03,0.19520635,911
2023-08-04,0.14773467,911
2023-08-07,0.17902443,911
2023-08-08,0.12661409,912
2023-08-09,0.10656344,912
2023-08-10,0.11469999,912
2023-08-11,0.05916599,912
2023-08-14,0.15189161,912
2023-08-15,0.11154803,912
2023-08-16,0.10920794,912
2023-08-17,0.11156559,913
2023-08-18,0.08680983,913
2023-08-21,0.08389405,913
2023-08-22,0.08038298,913
2023-08-23,0.11600085,913
2023-08-24,0.06874115,913
2023-08-25,0.04775906,914
2023-08-28,0.14942213,914
2023-08-29,0.10194766,915
2023-08-30,0.10474914,915
2023-08-31,0.08728709,915
2023-09-01,0.05819514,915
2023-09-04,0.03333292,916
2023-09-05,0.01557250,916
2023-09-06,0.05494961,916
2023-09-07,0.06432485,916
2023-09-08,0.05399109,916
2023-09-11,0.04556559,916
2023-09-12,0.05132242,916
2023-09-13,0.01401341,916
2023-09-14,0.01426477,917
2023-09-15,0.01567825,917
2023-09-18,0.05231605,917
2023-09-19,0.12836450,917
2023-09-20,0.09235772,917
2023-09-21,0.00989742,917
2023-09-22,0.02070627,918
2023-09-25,0.09320471,918
2023-09-26,0.04661613,919
2023-09-27,0.08412938,918
2023-09-28,0.06460963,918
2023-10-09,0.07941542,918
2023-10-10,0.05745912,919
2023-10-11,0.06478792,920
2023-10-12,0.05866430,920
2023-10-13,0.01914542,920
2023-10-16,0.02504575,920
2023-10-17,-0.03554129,920
2023-10-18,-0.06349366,921
2023-10-19,0.01868581,922
2023-10-20,-0.04341142,922
2023-10-23,0.04850519,923
2023-10-24,0.02248110,924
2023-10-25,0.04421832,924
2023-10-26,0.01498808,924
2023-10-27,0.04065370,924
2023-10-30,0.02029791,923
2023-10-31,-0.00013816,924
2023-11-01,-0.08816204,924
2023-11-02,-0.12507276,925
2023-11-03,0.00671099,925
2023-11-06,0.07050175,925
2023-11-07,0.10600517,925
2023-11-08,0.15895531,925
2023-11-09,0.18829173,925
2023-11-10,0.13160786,925
2023-11-13,0.14388908,925
2023-11-14,0.20413118,925
2023-11-15,0.13454210,926
2023-11-16,0.15042357,926
2023-11-17,0.18416514,926
2023-11-20,0.17946454,926
2023-11-21,0.16293610,926
2023-11-22,0.15971604,926
2023-11-23,0.14841656,926
2023-11-24,0.10096707,926
2023-11-27,0.02676780,926
2023-11-28,0.00783940,925
2023-11-29,-0.02115932,927
2023-11-30,-0.02306213,927
2023-12-01,-0.00050219,927
2023-12-04,-0.04334131,927
2023-12-05,-0.00472634,927
2023-12-06,-0.02746978,927
2023-12-07,-0.06763883,927
2023-12-08,-0.02576663,928
2023-12-11,0.02609949,928
2023-12-12,0.04486519,928
2023-12-13,0.05752465,928
2023-12-14,0.03946808,929
2023-12-15,0.05810394,929
2023-12-18,0.05989749,930
2023-12-19,-0.06500932,930
2023-12-20,-0.02410771,930
2023-12-21,-0.09993702,930
2023-12-22,-0.14106438,931
2023-12-25,-0.12573129,930
2023-12-26,-0.02126379,933
2023-12-27,-0.03347259,933
2023-12-28,-0.00265669,934
2023-12-29,-0.03523015,934
2024-01-02,0.08016579,934
2024-01-03,0.19320709,934
2024-01-04,0.16319767,934
2024-01-05,0.19854156,935
2024-01-08,-0.01804537,936
2024-01-09,-0.19994890,936
2024-01-10,-0.12599420,936
2024-01-11,-0.17043833,936
2024-01-12,-0.11023124,937
2024-01-15,-0.08910078,937
2024-01-16,-0.06175046,937
2024-01-17,-0.00392194,937
2024-01-18,-0.00801732,937
2024-01-19,0.04271702,937
2024-01-22,0.08687319,938
2024-01-23,-0.02162722,938
2024-01-24,-0.05810131,938
2024-01-25,0.02612236,938
2024-01-26,-0.01340530,939
2024-01-29,0.00931818,939
2024-01-30,0.05302568,939
2024-01-31,0.13859270,939
2024-02-01,0.12053850,939
2024-02-02,0.21998218,938
2024-02-05,0.31205035,939
2024-02-06,0.32095386,940
2024-02-07,-0.03569983,940
2024-02-08,-0.02145541,940
2024-02-19,0.13092055,942
2024-02-20,0.06158654,942
2024-02-21,0.05151371,943
2024-02-22,0.04168000,943
2024-02-23,0.08571297,943
2024-02-26,0.08771550,943
2024-02-27,0.05675806,944
2024-02-28,0.05672616,944
2024-02-29,0.11631048,945
2024-03-01,0.07669932,945
2024-03-04,0.14369487,945
2024-03-05,0.14792571,945
2024-03-06,0.10729747,944
2024-03-07,0.11882478,944
2024-03-08,0.17310545,944
2024-03-11,0.18559936,943
2024-03-12,0.19438945,944
2024-03-13,0.14982021,944
2024-03-14,0.06739500,945
2024-03-15,0.04248252,945
2024-03-18,0.14861736,945
2024-03-19,0.14582880,946
2024-03-20,0.15411793,946
2024-03-21,0.15373500,947
2024-03-22,0.16427809,947
2024-03-25,0.13028101,947
2024-03-26,0.15476620,947
2024-03-27,0.07383154,948
2024-03-28,0.00421172,948
2024-03-29,-0.02315408,948
2024-04-01,0.01263869,948
2024-04-02,0.03661639,948
2024-04-03,-0.01273404,948
2024-04-08,-0.00591185,948
2024-04-09,-0.01133538,948
2024-04-10,-0.02326978,948
2024-04-11,-0.04487332,948
2024-04-12,-0.08743471,948
2024-04-15,-0.02927773,948
2024-04-16,0.06968198,949
2024-04-17,-0.02381060,949
2024-04-18,-0.00244122,949
2024-04-19,0.08855912,949
2024-04-22,0.09781067,949
2024-04-23,0.01558114,950
2024-04-24,-0.05169545,950
2024-04-25,-0.02891882,950
2024-04-26,-0.01736561,950
2024-04-29,0.02054378,950
2024-04-30,0.03684030,949
2024-05-06,0.01386417,950
2024-05-07,0.00161170,949
2024-05-08,-0.02640650,949
2024-05-09,-0.06172434,949
2024-05-10,-0.02964535,949
2024-05-13,-0.04226498,949
2024-05-14,-0.02029047,950
2024-05-15,-0.01704279,950
2024-05-16,0.02049602,950
2024-05-17,-0.03566302,950
2024-05-20,0.00674197,948
2024-05-21,-0.00131053,949
2024-05-22,-0.04566295,950
2024-05-23,-0.09239409,950
2024-05-24,-0.05801683,950
2024-05-27,-0.03354949,950
2024-05-28,-0.00623165,950
2024-05-29,-0.01791894,949
2024-05-30,-0.01282678,949
2024-05-31,-0.06272785,949
2024-06-03,-0.01006909,950
2024-06-04,0.00745802,950
2024-06-05,-0.00836305,950
2024-06-06,0.07181137,950
2024-06-07,0.04929654,951
2024-06-11,-0.00275501,951
2024-06-12,-0.03833958,951
2024-06-13,0.02297884,952
2024-06-14,0.00771851,952
2024-06-17,0.06795494,952
2024-06-18,0.04852982,952
2024-06-19,0.08219058,952
2024-06-20,0.13765526,952
2024-06-21,0.14150983,953
2024-06-24,0.08275204,953
2024-06-25,-0.01082256,952
2024-06-26,-0.04265986,953
2024-06-27,0.04828828,954
2024-06-28,0.01156240,954
2024-07-01,0.04068532,953
2024-07-02,0.04238296,953
2024-07-03,0.07155707,954
2024-07-04,0.06577435,954
2024-07-05,0.05436225,954
2024-07-08,0.06277028,954
2024-07-09,0.26350620,955
2024-07-10,0.05674743,955
2024-07-11,0.11251297,955
2024-07-12,0.15586128,955
2024-07-15,0.21798201,955
2024-07-16,0.23897994,955
2024-07-17,0.23332216,955
2024-07-18,0.20362720,955
2024-07-19,0.16760192,955
2024-07-22,0.21580416,955
2024-07-23,0.19631857,956
2024-07-24,0.15715775,956
2024-07-25,0.05036813,956
2024-07-26,0.02853648,956
2024-07-29,0.10915991,956
2024-07-30,0.11815261,956
2024-07-31,0.12027661,956
2024-08-01,0.19503779,954
2024-08-02,0.11261598,955
2024-08-05,0.06079218,955
2024-08-06,0.09881998,955
2024-08-07,0.11806956,955
2024-08-08,0.06541392,955
2024-08-09,0.10173986,955
2024-08-12,0.06495487,955
2024-08-13,0.03982286,957
2024-08-14,0.03408672,957
2024-08-15,0.05308480,958
2024-08-16,0.06469770,958
2024-08-19,0.05828047,958
2024-08-20,0.07850733,958
2024-08-21,0.02192523,958
2024-08-22,-0.04770346,958
2024-08-23,0.01868480,958
2024-08-26,0.00664788,958
2024-08-27,0.05186734,958
2024-08-28,0.07777260,958
2024-08-29,0.08935277,958
2024-08-30,0.03777567,958
2024-09-02,-0.04739301,958
2024-09-03,0.01937051,958
2024-09-04,0.03888343,958
2024-09-05,-0.01986252,958
2024-09-06,-0.04656548,958
2024-09-09,-0.00131805,958
2024-09-10,-0.04130910,958
2024-09-11,-0.10323949,958
2024-09-12,-0.14853817,958
2024-09-13,-0.16008374,958
2024-09-18,-0.09305514,958
2024-09-19,-0.02766545,958
2024-09-20,-0.09770649,958
2024-09-23,-0.09661409,958
2024-09-24,-0.18763609,958
2024-09-25,-0.15255090,959
2024-09-26,-0.15821306,958
2024-09-27,-0.05406283,958
2024-09-30,-0.08536393,958
2024-10-08,0.05433086,956
2024-10-09,-0.00909581,956
2024-10-10,-0.01724370,956
2024-10-11,-0.13345584,956
2024-10-14,-0.19518031,957
2024-10-15,-0.11439622,958
2024-10-16,-0.15220738,959
2024-10-17,-0.09938260,960
2024-10-18,0.06677180,960
2024-10-21,0.21170238,959
2024-10-22,0.14244401,958
2024-10-23,0.09856276,958
2024-10-24,0.11882682,958
2024-10-25,0.13518024,958
2024-10-28,0.12496179,958
2024-10-29,0.16040433,957
2024-10-30,0.07433416,956
2024-10-31,0.12512009,957
2024-11-01,0.00989599,956
2024-11-04,0.07730833,956
2024-11-05,0.16597086,957
2024-11-06,0.12778788,957
2024-11-07,0.11566260,957
2024-11-08,0.20966182,957
2024-11-11,0.31526592,957
2024-11-12,0.26153683,958
2024-11-13,0.24732928,958
2024-11-14,0.20819418,958
2024-11-15,0.11792397,958
2024-11-18,-0.05769462,958
2024-11-19,0.04512133,958
2024-11-20,0.06602051,959
2024-11-21,0.00379312,959
2024-11-22,-0.01492143,959
2024-11-25,0.00669343,959
2024-11-26,0.00611979,959
2024-11-27,0.01595336,959
2024-11-28,0.04448679,958
2024-11-29,0.03260536,960
2024-12-02,0.03035096,960
2024-12-03,0.02634020,961
2024-12-04,0.02883890,960
2024-12-05,0.08591169,961
2024-12-06,0.08250388,961
2024-12-09,0.08192393,961
2024-12-10,0.09917498,961
2024-12-11,0.03492513,961
2024-12-12,0.05864324,961
2024-12-13,0.08342457,961
2024-12-16,-0.07195430,961
2024-12-17,-0.04737218,960
2024-12-18,-0.03296451,960
2024-12-19,-0.01104053,960
2024-12-20,0.00441718,960
2024-12-23,-0.04855583,959
2024-12-24,-0.06098384,959
2024-12-25,-0.04761846,959
2024-12-26,-0.07441287,959
2024-12-27,-0.09249911,959
2024-12-30,-0.02398220,959
2024-12-31,-0.04975606,961
2025-01-02,0.05837741,959
2025-01-03,0.09269150,959
2025-01-06,0.27811427,959
2025-01-07,0.25134035,960
2025-01-08,0.26741165,959
2025-01-09,0.17565194,959
2025-01-10,0.18981380,959
2025-01-13,0.10141803,959
2025-01-14,0.15276656,959
2025-01-15,0.11100058,959
2025-01-16,0.03918733,960
2025-01-17,0.00024768,960
2025-01-20,-0.12204414,960
2025-01-21,-0.09826470,960
2025-01-22,-0.06935896,961
2025-01-23,-0.06503483,962
2025-01-24,-0.05867703,961
2025-01-27,-0.14425742,961
2025-02-05,-0.14882320,961
2025-02-06,-0.08935537,961
2025-02-07,-0.06056096,961
2025-02-10,-0.09907346,961
2025-02-11,-0.12943994,961
2025-02-12,-0.06862878,961
2025-02-13,-0.05744258,961
2025-02-14,-0.10972675,961
2025-02-17,-0.05244345,961
2025-02-18,-0.09405556,961
2025-02-19,0.02197815,961
2025-02-20,0.09659775,961
2025-02-21,0.23293733,961
2025-02-24,0.18439768,961
2025-02-25,0.31602359,960
2025-02-26,0.29272231,961
2025-02-27,0.28117108,960
2025-02-28,0.18028978,961
2025-03-03,0.13991781,959
2025-03-04,0.17289041,959
2025-03-05,0.14221187,959
2025-03-06,0.13148913,959
2025-03-07,0.17914987,959
2025-03-10,0.22191185,959
2025-03-11,0.22074088,960
2025-03-12,0.24243572,960
2025-03-13,0.15778949,961
2025-03-14,0.17533802,961
2025-03-17,0.19585305,962
2025-03-18,0.18328426,962
2025-03-19,0.19214304,963
2025-03-20,0.11413270,963
2025-03-21,0.06689492,963
2025-03-24,0.00427073,963
2025-03-25,0.01149284,963
2025-03-26,-0.03450969,963
2025-03-27,-0.08219798,963
2025-03-28,-0.10652100,962
2025-03-31,-0.11422080,963
2025-04-01,-0.04845525,963
2025-04-02,-0.03403160,963
2025-04-03,0.02193998,963
2025-04-07,0.20502798,963
2025-04-08,0.34405211,963
2025-04-09,0.24018494,963
2025-04-10,0.12465675,963
2025-04-11,0.08697381,963
2025-04-14,0.04352273,964
2025-04-15,0.07463484,965
2025-04-16,0.06523818,967
2025-04-17,0.14599820,967
2025-04-18,0.08008314,966
2025-04-21,0.05102536,967
2025-04-22,0.07974829,967
2025-04-23,0.09757386,969
2025-04-24,0.05994186,969
2025-04-25,0.06597091,969
2025-04-28,0.01972660,970
2025-04-29,0.00756765,970
2025-04-30,0.04399817,969
2025-05-06,0.04679289,968
2025-05-07,0.10804096,969
2025-05-08,0.10895113,969
2025-05-09,0.07789380,969
2025-05-12,0.12689488,969
2025-05-13,0.14221089,969
2025-05-14,0.10536007,969
2025-05-15,0.11555071,969
2025-05-16,0.09304002,969
2025-05-19,0.11420934,969
2025-05-20,0.05354359,970
2025-05-21,0.07876672,969
2025-05-22,0.11150467,968
2025-05-23,0.06834603,968
2025-05-26,0.06095781,968
2025-05-27,0.13679536,969
2025-05-28,0.16914955,969
2025-05-29,0.12962373,970
2025-05-30,0.06457672,970
2025-06-03,0.05906459,970
2025-06-04,0.13460458,970
2025-06-05,0.13601148,972
2025-06-06,0.06835274,972
2025-06-09,0.10945643,972
2025-06-10,0.03331248,974
2025-06-11,0.02618191,974
2025-06-12,0.09404995,974
2025-06-13,0.08374203,974
2025-06-16,0.05821152,974
2025-06-17,-0.00881122,975
2025-06-18,0.01934245,975
2025-06-19,0.03418625,975
2025-06-20,-0.01158367,975
2025-06-23,-0.00561701,975
2025-06-24,-0.00980191,975
2025-06-25,0.06283969,975
2025-06-26,0.00471284,975
2025-06-27,-0.03275444,976
2025-06-30,0.01786582,976
2025-07-01,0.00492145,976
2025-07-02,-0.01620246,976
2025-07-03,-0.04414114,976
2025-07-04,-0.07814724,976
2025-07-07,-0.08161280,976
2025-07-08,-0.09776747,977
2025-07-09,-0.13419977,977
2025-07-10,-0.18075527,977
2025-07-11,-0.09686381,977
2025-07-14,-0.09735737,976
2025-07-15,-0.06065257,977
2025-07-16,-0.00393126,977
2025-07-17,-0.00806902,977
2025-07-18,-0.08478812,977
2025-07-21,-0.18194457,978
2025-07-22,-0.29839291,976
2025-07-23,-0.22074969,976
2025-07-24,-0.17700533,976
2025-07-25,-0.22770605,978
2025-07-28,-0.17763456,979
2025-07-29,-0.12160381,980
2025-07-30,-0.17498901,980
2025-07-31,-0.16698497,980
2025-08-01,-0.10278280,980
2025-08-04,-0.09738187,980
2025-08-05,-0.03554531,980
2025-08-06,-0.04354395,980
2025-08-07,0.02693074,980
2025-08-08,-0.04376354,980
2025-08-11,-0.03512900,980
2025-08-12,0.05142257,980
2025-08-13,0.09450158,980
2025-08-14,0.05708004,980
2025-08-15,0.03747811,980
2025-08-18,0.08981780,980
2025-08-19,0.05284553,980
2025-08-20,0.03279010,980
2025-08-21,-0.03742988,980
2025-08-22,-0.02040494,980
2025-08-25,-0.01674741,979
2025-08-26,-0.03984387,979
2025-08-27,0.00364464,979
2025-08-28,0.01738816,979
2025-08-29,0.04174858,978
2025-09-01,0.10946927,978
2025-09-02,0.00930674,978
2025-09-03,0.04479395,980
2025-09-04,0.08037234,980
2025-09-05,0.08048336,980
2025-09-08,0.04824895,981
2025-09-09,0.06977765,981
2025-09-10,0.08644597,981
2025-09-11,0.03705602,980
2025-09-12,-0.00908708,982
2025-09-15,-0.00348843,982
2025-09-16,0.03150375,982
2025-09-17,0.07197762,981
2025-09-18,0.13159238,981
2025-09-19,0.10165386,981
2025-09-22,0.09698325,981
2025-09-23,0.08210098,981
2025-09-24,0.07186057,981
2025-09-25,0.12496036,982
2025-09-26,0.16044149,982
2025-09-29,0.05117745,983
2025-09-30,0.01868979,984
2025-10-09,0.04956401,984
2025-10-10,0.08213738,984
2025-10-13,0.09717132,985
2025-10-14,0.05785012,985
2025-10-15,-0.03508911,985
2025-10-16,-0.02324195,985
2025-10-17,0.00999971,986
2025-10-20,-0.07747306,986
2025-10-21,-0.04154662,985
2025-10-22,-0.02143131,985
2025-10-23,-0.04685541,985
2025-10-24,-0.10240093,986
2025-10-27,-0.11586942,984
2025-10-28,-0.09878312,984
2025-10-29,-0.07615934,984
2025-10-30,-0.03126054,984
2025-10-31,-0.04269888,984
2025-11-03,0.05149536,986
2025-11-04,0.05236849,986
2025-11-05,0.01397316,986
2025-11-06,0.01125392,986
2025-11-07,0.04288311,986
2025-11-10,-0.00494559,987
2025-11-11,-0.01538800,987
2025-11-12,-0.02318109,987
2025-11-13,0.01524376,987
2025-11-14,0.05647941,987
2025-11-17,0.06252207,987
2025-11-18,0.04311994,987
2025-11-19,0.09982859,987
2025-11-20,0.10539984,985
2025-11-21,0.07743639,985
2025-11-24,0.14809346,985
2025-11-25,0.11779426,985
2025-11-26,0.16814886,985
2025-11-27,0.14526803,985
2025-11-28,0.15990437,985
2025-12-01,0.11942247,984
2025-12-02,-0.04235464,982
2025-12-03,-0.14429562,982
